train_c_accuracy,train_c_auc,train_c_f1,train_y_accuracy,train_y_auc,train_y_f1,train_concept_loss,train_task_loss,train_loss,loss,epoch,step,val_c_accuracy,val_c_auc,val_c_f1,val_y_accuracy,val_y_auc,val_y_f1,val_concept_loss,val_task_loss,val_loss
0.911255419254303,0.33206281065940857,0.16326530277729034,0.13636364042758942,0.8596490621566772,0.23999999463558197,0.6586318016052246,0.6959594488143921,1.3545912504196167,1.3545912504196167,0,9,,,,,,,,,
,,,,,,,,,,0,9,0.9102563858032227,0.4988698661327362,0.0996059700846672,0.8974359035491943,0.9197784066200256,0.5311355590820312,0.6553085446357727,0.6919198632240295,1.3472284078598022
0.9588744640350342,0.2413325160741806,0.0,0.8636363744735718,0.4912280738353729,0.0,0.5884233713150024,0.661994457244873,1.2504178285598755,1.2504178285598755,1,19,,,,,,,,,
,,,,,,,,,,1,19,0.9487179517745972,0.5271099805831909,0.0,0.8333333134651184,0.8682287335395813,0.0,0.5866144895553589,0.6618539094924927,1.2484683990478516
0.9458874464035034,0.40209653973579407,0.0,0.8636363744735718,0.8596490621566772,0.0,0.48522666096687317,0.6418099403381348,1.1270365715026855,1.1270365715026855,2,29,,,,,,,,,
,,,,,,,,,,2,29,0.9487179517745972,0.5498022437095642,0.0,0.8333333134651184,0.6695089340209961,0.0,0.4771173298358917,0.6445870995521545,1.1217044591903687
0.976190447807312,0.10772764682769775,0.0,0.8636363744735718,0.6491228342056274,0.0,0.3420312702655792,0.6303650140762329,0.9723962545394897,0.9723962545394897,3,39,,,,,,,,,
,,,,,,,,,,3,39,0.9487179517745972,0.5821114778518677,0.0,0.8333333134651184,0.5841817855834961,0.0,0.35418954491615295,0.6357234120368958,0.9899129867553711
0.8917748928070068,0.5409585237503052,0.0,0.8181818127632141,0.5416666865348816,0.0,0.3534581661224365,0.6325961351394653,0.9860543012619019,0.9860543012619019,4,49,,,,,,,,,
,,,,,,,,,,4,49,0.9487179517745972,0.6036773920059204,0.0,0.8333333134651184,0.4993788003921509,0.0,0.27003833651542664,0.6287738084793091,0.8988121151924133
0.9155844449996948,0.5156174302101135,0.0,0.8636363744735718,0.6315789222717285,0.0,0.2941257059574127,0.6066750884056091,0.9008008241653442,0.9008008241653442,5,59,,,,,,,,,
,,,,,,,,,,5,59,0.9487179517745972,0.6405311822891235,0.0,0.8333333134651184,0.4548661708831787,0.0,0.24710217118263245,0.6132513880729675,0.8603535890579224
0.9307359457015991,0.3044975996017456,0.0,0.7727272510528564,0.7058823108673096,0.0,0.2964412271976471,0.6142560839653015,0.910697340965271,0.910697340965271,6,69,,,,,,,,,
,,,,,,,,,,6,69,0.9487179517745972,0.6494655013084412,0.0,0.8333333134651184,0.4286496937274933,0.0,0.24973343312740326,0.5947904586791992,0.8445239067077637
0.8982684016227722,0.5500836372375488,0.0,0.7272727489471436,0.5520833730697632,0.0,0.31412824988365173,0.6242635250091553,0.9383918046951294,0.9383918046951294,7,79,,,,,,,,,
,,,,,,,,,,7,79,0.9487179517745972,0.6730374693870544,0.0,0.8333333134651184,0.40850451588630676,0.0,0.2449774593114853,0.5874301791191101,0.8324076533317566
0.9523809552192688,0.4712674915790558,0.0,0.8636363744735718,0.35087719559669495,0.0,0.21269772946834564,0.5692383050918579,0.7819360494613647,0.7819360494613647,8,89,,,,,,,,,
,,,,,,,,,,8,89,0.9487179517745972,0.6803180575370789,0.0,0.8333333134651184,0.4136924743652344,0.0,0.23852822184562683,0.582216203212738,0.8207444548606873
0.9588744640350342,0.3101802170276642,0.0,0.8181818127632141,0.8888888955116272,0.0,0.22090066969394684,0.5715129971504211,0.7924136519432068,0.7924136519432068,9,99,,,,,,,,,
,,,,,,,,,,9,99,0.9487179517745972,0.6506182551383972,0.0,0.8333333134651184,0.718326210975647,0.0,0.23643676936626434,0.5704960823059082,0.8069328665733337
0.9220778942108154,0.5872939229011536,0.0,0.8181818127632141,0.9305555820465088,0.0,0.27043744921684265,0.5669597387313843,0.8373972177505493,0.8373972177505493,10,109,,,,,,,,,
,,,,,,,,,,10,109,0.9493284821510315,0.6218623518943787,0.048985838890075684,0.8333333134651184,0.9324449300765991,0.0,0.23340801894664764,0.5578126907348633,0.7912207245826721
0.9285714030265808,0.35866451263427734,0.0,0.8636363744735718,1.0,0.0,0.24468545615673065,0.529854416847229,0.7745398879051208,0.7745398879051208,11,119,,,,,,,,,
,,,,,,,,,,11,119,0.9444445371627808,0.606732964515686,0.10020534694194794,0.8333333134651184,0.9563707113265991,0.0,0.23537293076515198,0.5403391718864441,0.7757120728492737
0.8722943663597107,0.5589398741722107,0.19178082048892975,0.7727272510528564,0.929411768913269,0.0,0.28907519578933716,0.5421959161758423,0.8312711119651794,0.8312711119651794,12,129,,,,,,,,,
,,,,,,,,,,12,129,0.9139193892478943,0.5972342491149902,0.16646942496299744,0.8333333134651184,0.9577780365943909,0.0,0.24506038427352905,0.5172842741012573,0.7623447179794312
0.8917748928070068,0.5974581241607666,0.07407407462596893,0.8636363744735718,0.9824561476707458,0.0,0.27941903471946716,0.5063590407371521,0.7857780456542969,0.7857780456542969,13,139,,,,,,,,,
,,,,,,,,,,13,139,0.9200243949890137,0.5818215608596802,0.19191919267177582,0.8333333134651184,0.9535559415817261,0.0,0.2412305474281311,0.5091074109077454,0.7503379583358765
0.948051929473877,0.13747166097164154,0.07692307978868484,0.9090909361839294,0.8999999761581421,0.0,0.1921556442975998,0.4761155843734741,0.6682712435722351,0.6682712435722351,14,149,,,,,,,,,
,,,,,,,,,,14,149,0.9145299196243286,0.5740038752555847,0.20273593068122864,0.8333333134651184,0.9507411122322083,0.0,0.244206503033638,0.4969352185726166,0.7411417365074158
0.8809523582458496,0.38548752665519714,0.1538461595773697,0.8636363744735718,1.0,0.0,0.22762469947338104,0.4417985677719116,0.6694232821464539,0.6694232821464539,15,159,,,,,,,,,
,,,,,,,,,,15,159,0.8846153616905212,0.5745075345039368,0.166889026761055,0.8333333134651184,0.9479262232780457,0.0,0.2549321949481964,0.4792119562625885,0.7341441512107849
0.9004328846931458,0.2420545369386673,0.0416666679084301,0.9090909361839294,0.8999999761581421,0.0,0.22455468773841858,0.4511535167694092,0.6757081747055054,0.6757081747055054,16,169,,,,,,,,,
,,,,,,,,,,16,169,0.9157509207725525,0.5741758346557617,0.23951588571071625,0.8333333134651184,0.9479262232780457,0.0,0.24664698541164398,0.480613648891449,0.7272606492042542
0.9004328846931458,0.6525510549545288,0.3235294222831726,0.9090909361839294,1.0,0.0,0.2560933530330658,0.43261706829071045,0.6887104511260986,0.6887104511260986,17,179,,,,,,,,,
,,,,,,,,,,17,179,0.8986569046974182,0.5739359259605408,0.19435691833496094,0.8589743375778198,0.9352596998214722,0.25246548652648926,0.2508072257041931,0.47020629048347473,0.7210135459899902
0.8593073487281799,0.5691453218460083,0.2857142984867096,0.8636363744735718,0.9583333134651184,0.4000000059604645,0.25588566064834595,0.45930784940719604,0.715193510055542,0.715193510055542,18,189,,,,,,,,,
,,,,,,,,,,18,189,0.8766788840293884,0.5716870427131653,0.17321553826332092,0.8589743375778198,0.9225931167602539,0.25246548652648926,0.25955888628959656,0.4566855728626251,0.7162443995475769
0.8831169009208679,0.4892081320285797,0.32499998807907104,0.8181818127632141,1.0,0.3333333432674408,0.24714942276477814,0.443757027387619,0.6909064650535583,0.6909064650535583,19,199,,,,,,,,,
,,,,,,,,,,19,199,0.8956043720245361,0.5736613869667053,0.21136723458766937,0.8717948794364929,0.9211857914924622,0.3721236288547516,0.25506117939949036,0.4559663236141205,0.7110275030136108
0.8571428656578064,0.33484503626823425,0.029411764815449715,0.8181818127632141,0.9444444179534912,0.0,0.2498139590024948,0.46148785948753357,0.7113018035888672,0.7113018035888672,20,209,,,,,,,,,
,,,,,,,,,,20,209,0.8583638072013855,0.5711924433708191,0.16797778010368347,0.8717948794364929,0.8958526253700256,0.3721236288547516,0.26902616024017334,0.43767812848091125,0.706704318523407
0.9069263935089111,0.5883481502532959,0.2950819730758667,0.8636363744735718,0.9473684430122375,0.0,0.2296033650636673,0.4477275609970093,0.6773309111595154,0.6773309111595154,21,219,,,,,,,,,
,,,,,,,,,,21,219,0.8809524178504944,0.573506236076355,0.1865621656179428,0.8846153616905212,0.9000747799873352,0.4713064730167389,0.26091015338897705,0.44062522053718567,0.7015354037284851
0.8679653406143188,0.5030910968780518,0.18666666746139526,1.0,1.0,1.0,0.24117782711982727,0.3646900951862335,0.6058679223060608,0.6058679223060608,22,229,,,,,,,,,
,,,,,,,,,,22,229,0.8571429252624512,0.5722976326942444,0.16661225259304047,0.8589743375778198,0.89022296667099,0.25641027092933655,0.26935893297195435,0.4280983805656433,0.6974573135375977
0.8484848737716675,0.5434618592262268,0.25531914830207825,0.8636363744735718,1.0,0.5714285969734192,0.30340340733528137,0.427321195602417,0.730724573135376,0.730724573135376,23,239,,,,,,,,,
,,,,,,,,,,23,239,0.8626373410224915,0.5734747648239136,0.17158551514148712,0.9102563858032227,0.893037736415863,0.632478654384613,0.2675971984863281,0.42563727498054504,0.6932344436645508
0.8744588494300842,0.5217657089233398,0.2926829159259796,0.9545454382896423,1.0,0.8571428656578064,0.2693312466144562,0.38515299558639526,0.6544842720031738,0.6544842720031738,24,249,,,,,,,,,
,,,,,,,,,,24,249,0.8595849275588989,0.5711529850959778,0.16840700805187225,0.9102563858032227,0.89022296667099,0.632478654384613,0.27127984166145325,0.41767793893814087,0.6889578700065613
0.8593073487281799,0.6483579874038696,0.31578946113586426,0.8636363744735718,0.9882352948188782,0.5714285969734192,0.29367733001708984,0.43230196833610535,0.7259793281555176,0.7259793281555176,25,259,,,,,,,,,
,,,,,,,,,,25,259,0.8467643857002258,0.5698189735412598,0.15671448409557343,0.9230769276618958,0.8845934867858887,0.6988436579704285,0.2773912847042084,0.40833649039268494,0.6857277750968933
0.9177489280700684,0.34778910875320435,0.17391304671764374,0.8636363744735718,1.0,0.4000000059604645,0.21105742454528809,0.3979223072528839,0.6089797019958496,0.6089797019958496,26,269,,,,,,,,,
,,,,,,,,,,26,269,0.8693528771400452,0.5686386823654175,0.17249417304992676,0.9230769276618958,0.8817785978317261,0.6988436579704285,0.2694980800151825,0.4107455611228943,0.6802436709403992
0.9004328846931458,0.08843537420034409,0.0,0.9545454382896423,1.0,0.0,0.19739142060279846,0.33123067021369934,0.5286220908164978,0.5286220908164978,27,279,,,,,,,,,
,,,,,,,,,,27,279,0.8376067876815796,0.5707160234451294,0.1487797051668167,0.9102563858032227,0.8803712129592896,0.6666666865348816,0.2801753878593445,0.39804214239120483,0.6782174706459045
0.8333333134651184,0.37189701199531555,0.07228915393352509,0.8636363744735718,0.9824561476707458,0.0,0.258487731218338,0.3479500114917755,0.6064377427101135,0.6064377427101135,28,289,,,,,,,,,
,,,,,,,,,,28,289,0.8345543146133423,0.5702009201049805,0.14197026193141937,0.9230769276618958,0.8761489987373352,0.6988436579704285,0.2838725447654724,0.38992661237716675,0.6737991571426392
0.8961039185523987,0.5613309144973755,0.3142857253551483,1.0,1.0,1.0,0.2553311288356781,0.3438505232334137,0.5991816520690918,0.5991816520690918,29,299,,,,,,,,,
,,,,,,,,,,29,299,0.8736264109611511,0.5714099407196045,0.17625273764133453,0.9230769276618958,0.8747415542602539,0.7264957427978516,0.27071452140808105,0.396342396736145,0.6670569181442261
0.850649356842041,0.3085034191608429,0.1265822798013687,0.9090909361839294,1.0,0.5,0.23990491032600403,0.3171898126602173,0.5570946931838989,0.5570946931838989,30,309,,,,,,,,,
,,,,,,,,,,30,309,0.8308913111686707,0.5691079497337341,0.15982834994792938,0.9230769276618958,0.8648898601531982,0.7264957427978516,0.2885458767414093,0.3794570863246918,0.6680029630661011
0.8571428656578064,0.43953633308410645,0.19512194395065308,0.9545454382896423,1.0,0.8571428656578064,0.2651844024658203,0.3265000283718109,0.5916844606399536,0.5916844606399536,31,319,,,,,,,,,
,,,,,,,,,,31,319,0.855311393737793,0.5687703490257263,0.16378337144851685,0.9230769276618958,0.8648898601531982,0.7264957427978516,0.27861452102661133,0.3823431134223938,0.6609576344490051
0.8787878751754761,0.5129401087760925,0.1764705926179886,0.9545454382896423,0.0,0.0,0.24886316061019897,0.28878310322761536,0.5376462936401367,0.5376462936401367,32,329,,,,,,,,,
,,,,,,,,,,32,329,0.8382173180580139,0.570532500743866,0.15430425107479095,0.9230769276618958,0.8648898601531982,0.7264957427978516,0.2861245572566986,0.37219110131263733,0.6583157181739807
0.8095238208770752,0.5800288915634155,0.30158731341362,0.9545454382896423,1.0,0.9230769276618958,0.34085145592689514,0.36848554015159607,0.7093369960784912,0.7093369960784912,33,339,,,,,,,,,
,,,,,,,,,,33,339,0.8351647853851318,0.5707744359970093,0.1522422730922699,0.9230769276618958,0.8592602610588074,0.7264957427978516,0.28622716665267944,0.36822015047073364,0.6544473171234131
0.8571428656578064,0.5309523940086365,0.19512194395065308,0.9545454382896423,1.0,0.6666666865348816,0.2712462246417999,0.28723958134651184,0.5584858059883118,0.5584858059883118,34,349,,,,,,,,,
,,,,,,,,,,34,349,0.8485958576202393,0.5657753348350525,0.1644539088010788,0.9230769276618958,0.8550381064414978,0.7264957427978516,0.2824980318546295,0.36858266592025757,0.6510807275772095
0.8636363744735718,0.3421231508255005,0.05970149114727974,0.9090909361839294,1.0,0.5,0.2319420427083969,0.3255201280117035,0.5574621558189392,0.5574621558189392,35,359,,,,,,,,,
,,,,,,,,,,35,359,0.8351647853851318,0.5696128010749817,0.16298703849315643,0.9230769276618958,0.8564454317092896,0.7264957427978516,0.2875172197818756,0.3612862229347229,0.6488034725189209
0.8701298832893372,0.5521989464759827,0.3333333432674408,0.9545454382896423,1.0,0.8888888955116272,0.24974972009658813,0.31057992577552795,0.5603296756744385,0.5603296756744385,36,369,,,,,,,,,
,,,,,,,,,,36,369,0.8424908518791199,0.5698986053466797,0.15775750577449799,0.9230769276618958,0.8606675863265991,0.7264957427978516,0.28491953015327454,0.3582149147987366,0.6431344151496887
0.8831169009208679,0.3412489593029022,0.1818181872367859,1.0,1.0,1.0,0.24257993698120117,0.23216360807418823,0.4747435450553894,0.4747435450553894,37,379,,,,,,,,,
,,,,,,,,,,37,379,0.8492063879966736,0.5705159902572632,0.15303806960582733,0.9230769276618958,0.8620750308036804,0.7264957427978516,0.2839478552341461,0.35495826601982117,0.6389061212539673
0.8333333134651184,0.4047450125217438,0.25242719054222107,0.9545454382896423,1.0,0.8888888955116272,0.2980128824710846,0.3057701885700226,0.6037830710411072,0.6037830710411072,38,389,,,,,,,,,
,,,,,,,,,,38,389,0.8339439034461975,0.5735167264938354,0.15621082484722137,0.9230769276618958,0.8634824752807617,0.7264957427978516,0.2873288691043854,0.3496449887752533,0.6369738578796387
0.8722943663597107,0.6373622417449951,0.3655914068222046,0.9090909361839294,0.9722222089767456,0.6666666865348816,0.25730276107788086,0.32710185647010803,0.5844045877456665,0.5844045877456665,39,399,,,,,,,,,
,,,,,,,,,,39,399,0.8376067876815796,0.572525143623352,0.1594390720129013,0.9102563858032227,0.8606677055358887,0.6621417999267578,0.286853164434433,0.3476610779762268,0.6345142722129822
0.8744588494300842,0.19659864902496338,0.12121212482452393,0.9545454382896423,1.0,0.800000011920929,0.23763985931873322,0.27588850259780884,0.5135283470153809,0.5135283470153809,40,409,,,,,,,,,
,,,,,,,,,,40,409,0.8522588014602661,0.5738580822944641,0.16618889570236206,0.9230769276618958,0.8606675863265991,0.7264957427978516,0.2839612662792206,0.3456178605556488,0.6295791268348694
0.8636363744735718,0.47718003392219543,0.1818181872367859,0.9545454382896423,1.0,0.8571428656578064,0.26651471853256226,0.2861074209213257,0.5526221394538879,0.5526221394538879,41,419,,,,,,,,,
,,,,,,,,,,41,419,0.8363858461380005,0.5756608247756958,0.15854856371879578,0.9102563858032227,0.8620750308036804,0.6621417999267578,0.2862826883792877,0.340218722820282,0.6265013813972473
0.9069263935089111,0.3737528324127197,0.3384615480899811,0.9090909361839294,1.0,0.800000011920929,0.2563605010509491,0.3294278085231781,0.5857883095741272,0.5857883095741272,42,429,,,,,,,,,
,,,,,,,,,,42,429,0.870573878288269,0.5757810473442078,0.18610496819019318,0.9102563858032227,0.8620750308036804,0.6621417999267578,0.2802267372608185,0.3428800702095032,0.623106837272644
0.8896104097366333,0.3445011377334595,0.1355932205915451,1.0,1.0,1.0,0.23622150719165802,0.2303646057844162,0.4665861129760742,0.4665861129760742,43,439,,,,,,,,,
,,,,,,,,,,43,439,0.8540903925895691,0.5746221542358398,0.16806155443191528,0.9102563858032227,0.8550379872322083,0.6621417999267578,0.28557324409484863,0.33792760968208313,0.6235008835792542
0.8766233921051025,0.36366212368011475,0.21917808055877686,1.0,1.0,1.0,0.26574021577835083,0.24997074902057648,0.5157109498977661,0.5157109498977661,44,449,,,,,,,,,
,,,,,,,,,,44,449,0.8711843490600586,0.5718663334846497,0.18722105026245117,0.9102563858032227,0.8606675863265991,0.6621417999267578,0.28096070885658264,0.3366411626338959,0.6176018118858337
0.8571428656578064,0.4294217526912689,0.1315789520740509,0.9545454382896423,1.0,0.8571428656578064,0.2744155526161194,0.2352680116891861,0.5096835494041443,0.5096835494041443,45,459,,,,,,,,,
,,,,,,,,,,45,459,0.8473748564720154,0.5741603374481201,0.1626344621181488,0.9102563858032227,0.8480010628700256,0.6621417999267578,0.2848449647426605,0.33200278878211975,0.6168477535247803
0.8766233921051025,0.3119733929634094,0.06557376682758331,1.0,1.0,1.0,0.22313688695430756,0.23471850156784058,0.4578554034233093,0.4578554034233093,46,469,,,,,,,,,
,,,,,,,,,,46,469,0.8742368817329407,0.5749536156654358,0.1909758746623993,0.9102563858032227,0.8648898601531982,0.6621417999267578,0.2783251404762268,0.33235275745391846,0.6106778979301453
0.8160173296928406,0.15849146246910095,0.04494382068514824,1.0,1.0,1.0,0.25090011954307556,0.1873364895582199,0.4382365942001343,0.4382365942001343,47,479,,,,,,,,,
,,,,,,,,,,47,479,0.855311393737793,0.5727397799491882,0.17066189646720886,0.9102563858032227,0.8494084477424622,0.6621417999267578,0.2853916883468628,0.3271648585796356,0.6125565767288208
0.9025974273681641,0.2934807538986206,0.21052631735801697,1.0,1.0,1.0,0.2303345948457718,0.22236165404319763,0.4526962637901306,0.4526962637901306,48,489,,,,,,,,,
,,,,,,,,,,48,489,0.8803418278694153,0.5718717575073242,0.21322059631347656,0.9102563858032227,0.8522232174873352,0.6621417999267578,0.27908429503440857,0.326825886964798,0.6059102416038513
0.8614718317985535,0.6140004396438599,0.3962264060974121,1.0,1.0,1.0,0.28336116671562195,0.2300415337085724,0.5134027004241943,0.5134027004241943,49,499,,,,,,,,,
,,,,,,,,,,49,499,0.8699633479118347,0.572584867477417,0.1863163858652115,0.9102563858032227,0.8381492495536804,0.6621417999267578,0.2835833728313446,0.3245808780193329,0.6081642508506775
0.8744588494300842,0.575883686542511,0.2750000059604645,1.0,1.0,1.0,0.2621881365776062,0.23611845076084137,0.4983065724372864,0.4983065724372864,50,509,,,,,,,,,
,,,,,,,,,,50,509,0.8846153616905212,0.5747819542884827,0.21764513850212097,0.9102563858032227,0.8451862931251526,0.6621417999267578,0.2771646976470947,0.32410740852355957,0.6012721657752991
0.8484848737716675,0.4006424844264984,0.1860465109348297,1.0,1.0,1.0,0.25550106167793274,0.16665032505989075,0.4221513867378235,0.4221513867378235,51,519,,,,,,,,,
,,,,,,,,,,51,519,0.8626373410224915,0.573674201965332,0.1842309683561325,0.9102563858032227,0.8339270353317261,0.6621417999267578,0.28719741106033325,0.3199813663959503,0.6071787476539612
0.8809523582458496,0.6695057153701782,0.580152690410614,1.0,1.0,1.0,0.28118011355400085,0.2540508210659027,0.5352309346199036,0.5352309346199036,52,529,,,,,,,,,
,,,,,,,,,,52,529,0.8797314167022705,0.5732914805412292,0.21064239740371704,0.9102563858032227,0.8437788486480713,0.6621417999267578,0.28009238839149475,0.31977933645248413,0.5998716950416565
0.8831169009208679,0.5970999002456665,0.41304346919059753,1.0,1.0,1.0,0.2560470998287201,0.1940065175294876,0.4500536322593689,0.4500536322593689,53,539,,,,,,,,,
,,,,,,,,,,53,539,0.8797314167022705,0.5734345316886902,0.20542529225349426,0.9102563858032227,0.8353344798088074,0.6621417999267578,0.28231120109558105,0.3176842927932739,0.599995493888855
0.8636363744735718,0.547603189945221,0.4220183491706848,0.9545454382896423,1.0,0.9230769276618958,0.296953022480011,0.23984917998313904,0.5368021726608276,0.5368021726608276,54,549,,,,,,,,,
,,,,,,,,,,54,549,0.8797314167022705,0.571469247341156,0.20542529225349426,0.9102563858032227,0.8297048807144165,0.6621417999267578,0.2822377681732178,0.31515446305274963,0.597392201423645
0.8658008575439453,0.4344828128814697,0.22499999403953552,1.0,1.0,1.0,0.2583426237106323,0.17930808663368225,0.4376507103443146,0.4376507103443146,55,559,,,,,,,,,
,,,,,,,,,,55,559,0.887057363986969,0.5752531886100769,0.2219831496477127,0.9102563858032227,0.8325197100639343,0.6621417999267578,0.27906396985054016,0.31397849321365356,0.5930424928665161
0.8636363744735718,0.5961123108863831,0.4000000059604645,1.0,1.0,1.0,0.26532572507858276,0.18592791259288788,0.45125365257263184,0.45125365257263184,56,569,,,,,,,,,
,,,,,,,,,,56,569,0.8772894144058228,0.5778760313987732,0.20174968242645264,0.9102563858032227,0.8254826664924622,0.6621417999267578,0.28056424856185913,0.31516605615615845,0.5957303047180176
0.8917748928070068,0.36905160546302795,0.3243243098258972,1.0,1.0,1.0,0.268777459859848,0.20278215408325195,0.4715596139431,0.4715596139431,57,579,,,,,,,,,
,,,,,,,,,,57,579,0.8949939012527466,0.5792635679244995,0.2523578107357025,0.9102563858032227,0.8339270353317261,0.6621417999267578,0.2767537534236908,0.3113196790218353,0.5880734920501709
0.9004328846931458,0.48653480410575867,0.34285715222358704,1.0,1.0,1.0,0.24067552387714386,0.20914709568023682,0.4498226046562195,0.4498226046562195,58,589,,,,,,,,,
,,,,,,,,,,58,589,0.8858363628387451,0.5733810067176819,0.22083808481693268,0.9102563858032227,0.8254826664924622,0.6621417999267578,0.282141774892807,0.30954036116600037,0.5916821360588074
0.9220778942108154,0.28236961364746094,0.3076923191547394,1.0,1.0,1.0,0.22580678761005402,0.16245102882385254,0.38825780153274536,0.38825780153274536,59,599,,,,,,,,,
,,,,,,,,,,59,599,0.8931623697280884,0.576633870601654,0.24213936924934387,0.9102563858032227,0.8339270353317261,0.6621417999267578,0.2785882353782654,0.3080085217952728,0.5865967869758606
0.9372294545173645,0.4364512264728546,0.3255814015865326,1.0,1.0,1.0,0.20779551565647125,0.16561919450759888,0.37341469526290894,0.37341469526290894,60,609,,,,,,,,,
,,,,,,,,,,60,609,0.89682537317276,0.5764721035957336,0.24823430180549622,0.9102563858032227,0.8339270353317261,0.6621417999267578,0.2772964537143707,0.3087265193462372,0.5860229730606079
0.8896104097366333,0.6673033237457275,0.4395604431629181,1.0,1.0,1.0,0.2773335576057434,0.20783451199531555,0.48516806960105896,0.48516806960105896,61,619,,,,,,,,,
,,,,,,,,,,61,619,0.8943833708763123,0.5752497315406799,0.24768540263175964,0.9102563858032227,0.8409640789031982,0.6621417999267578,0.27770403027534485,0.30448034405708313,0.5821843147277832
0.8809523582458496,0.6451623439788818,0.3820224702358246,1.0,1.0,1.0,0.28975963592529297,0.1916457861661911,0.48140543699264526,0.48140543699264526,62,629,,,,,,,,,
,,,,,,,,,,62,629,0.8943833708763123,0.5768390893936157,0.2425326555967331,0.9102563858032227,0.84237140417099,0.6621417999267578,0.2777085304260254,0.30437803268432617,0.5820865631103516
0.8614718317985535,0.6834283471107483,0.4576271176338196,1.0,1.0,1.0,0.3007831573486328,0.21707817912101746,0.5178613662719727,0.5178613662719727,63,639,,,,,,,,,
,,,,,,,,,,63,639,0.9102563858032227,0.5839240550994873,0.2837032377719879,0.9102563858032227,0.8480010628700256,0.6621417999267578,0.272142618894577,0.3040688931941986,0.5762115120887756
0.8636363744735718,0.594818115234375,0.4000000059604645,1.0,1.0,1.0,0.3090469539165497,0.17951266467571259,0.4885596036911011,0.4885596036911011,64,649,,,,,,,,,
,,,,,,,,,,64,649,0.8949939012527466,0.5748547911643982,0.26024168729782104,0.9102563858032227,0.8465936183929443,0.6621417999267578,0.2805936634540558,0.300301730632782,0.5808954238891602
0.8852813839912415,0.41952982544898987,0.23188406229019165,1.0,1.0,1.0,0.2846114933490753,0.18829092383384705,0.47290241718292236,0.47290241718292236,65,659,,,,,,,,,
,,,,,,,,,,65,659,0.9047618508338928,0.5769490003585815,0.268383264541626,0.9102563858032227,0.8508157730102539,0.6621417999267578,0.274401992559433,0.3030751049518585,0.5774770975112915
0.9502164721488953,0.375226765871048,0.37837839126586914,1.0,1.0,1.0,0.2048870325088501,0.1425958126783371,0.3474828600883484,0.3474828600883484,66,669,,,,,,,,,
,,,,,,,,,,66,669,0.9108669757843018,0.5870621204376221,0.28892239928245544,0.9102563858032227,0.84237140417099,0.6621417999267578,0.27145153284072876,0.30253589153289795,0.5739874243736267
0.9155844449996948,0.5488662123680115,0.33898305892944336,1.0,1.0,1.0,0.2301783710718155,0.1479828655719757,0.3781612515449524,0.3781612515449524,67,679,,,,,,,,,
,,,,,,,,,,67,679,0.9090353846549988,0.5910317301750183,0.30314111709594727,0.9102563858032227,0.8465936183929443,0.6621417999267578,0.272995263338089,0.2938624620437622,0.5668576955795288
0.9415584206581116,0.566893458366394,0.3720930218696594,1.0,0.0,-4.738058708771848e-37,0.20459479093551636,0.1379774510860443,0.34257224202156067,0.34257224202156067,68,689,,,,,,,,,
,,,,,,,,,,68,689,0.9120879769325256,0.5843381285667419,0.26319432258605957,0.9102563858032227,0.84237140417099,0.6621417999267578,0.2712845504283905,0.30086275935173035,0.5721472501754761
0.9069263935089111,0.49088478088378906,0.39436620473861694,1.0,1.0,1.0,0.2376006543636322,0.16344264149665833,0.4010432958602905,0.4010432958602905,69,699,,,,,,,,,
,,,,,,,,,,69,699,0.9157509207725525,0.5911427736282349,0.3114597201347351,0.9102563858032227,0.8451862931251526,0.6621417999267578,0.2688525915145874,0.29941368103027344,0.5682663321495056
0.9329004287719727,0.7437074780464172,0.6172839403152466,1.0,1.0,1.0,0.23210620880126953,0.15021084249019623,0.38231706619262695,0.38231706619262695,70,709,,,,,,,,,
,,,,,,,,,,70,709,0.8986569046974182,0.5891083478927612,0.23566055297851562,0.9102563858032227,0.8311123251914978,0.6621417999267578,0.2755059599876404,0.3015775978565216,0.5770835280418396
0.8917748928070068,0.4408860206604004,0.45652174949645996,1.0,1.0,1.0,0.27811768651008606,0.1699792742729187,0.44809696078300476,0.44809696078300476,71,719,,,,,,,,,
,,,,,,,,,,71,719,0.9188033938407898,0.5962864756584167,0.30785346031188965,0.9102563858032227,0.8437788486480713,0.6621417999267578,0.26805174350738525,0.2991943955421448,0.56724613904953
0.9437229633331299,0.18820860981941223,0.1875,1.0,1.0,1.0,0.21378739178180695,0.13537609577178955,0.3491634726524353,0.3491634726524353,72,729,,,,,,,,,
,,,,,,,,,,72,729,0.9126983880996704,0.5941427946090698,0.27932417392730713,0.8974359035491943,0.8437788486480713,0.6023127436637878,0.27027201652526855,0.2995454967021942,0.5698175430297852
0.8961039185523987,0.6613587737083435,0.5862069129943848,1.0,1.0,1.0,0.27132129669189453,0.15216106176376343,0.42348235845565796,0.42348235845565796,73,739,,,,,,,,,
,,,,,,,,,,73,739,0.9151403903961182,0.5949062705039978,0.2841455638408661,0.9102563858032227,0.8451862931251526,0.6621417999267578,0.2678473889827728,0.2988815903663635,0.5667290091514587
0.8961039185523987,0.6669729948043823,0.5102040767669678,1.0,1.0,1.0,0.25946807861328125,0.15920941531658173,0.41867750883102417,0.41867750883102417,74,749,,,,,,,,,
,,,,,,,,,,74,749,0.9072039723396301,0.5939000248908997,0.28557947278022766,0.9102563858032227,0.8465936183929443,0.6621417999267578,0.27432817220687866,0.2959865629673004,0.5703147053718567
0.9567099809646606,0.19274376332759857,0.3333333432674408,1.0,1.0,1.0,0.19394990801811218,0.125712588429451,0.31966251134872437,0.31966251134872437,75,759,,,,,,,,,
,,,,,,,,,,75,759,0.9175823926925659,0.5947381258010864,0.28317123651504517,0.9102563858032227,0.8451862931251526,0.6621417999267578,0.2694062888622284,0.29511895775794983,0.5645251870155334
0.9090909361839294,0.5790349245071411,0.4324324429035187,1.0,1.0,1.0,0.25229236483573914,0.16603760421276093,0.41832995414733887,0.41832995414733887,76,769,,,,,,,,,
,,,,,,,,,,76,769,0.9114773869514465,0.5913782715797424,0.269148051738739,0.8974359035491943,0.8437788486480713,0.6023127436637878,0.2718588411808014,0.2960372567176819,0.5678961277008057
0.911255419254303,0.5531318187713623,0.5176470875740051,1.0,1.0,1.0,0.26541760563850403,0.164581760764122,0.42999935150146484,0.42999935150146484,77,779,,,,,,,,,
,,,,,,,,,,77,779,0.916361391544342,0.5964741110801697,0.31257355213165283,0.9102563858032227,0.8395566940307617,0.6621417999267578,0.2697698473930359,0.2938445508480072,0.5636143684387207
0.9545454382896423,0.18582767248153687,0.1599999964237213,1.0,1.0,1.0,0.1826593428850174,0.12005124986171722,0.3027105927467346,0.3027105927467346,78,789,,,,,,,,,
,,,,,,,,,,78,789,0.9181929230690002,0.5993571877479553,0.3046223521232605,0.9102563858032227,0.8353344798088074,0.6621417999267578,0.2691463530063629,0.29537466168403625,0.564521074295044
0.9329004287719727,0.3392677903175354,0.20512820780277252,1.0,1.0,1.0,0.21298432350158691,0.1277611255645752,0.3407454490661621,0.3407454490661621,79,799,,,,,,,,,
,,,,,,,,,,79,799,0.9200243949890137,0.6002397537231445,0.32254907488822937,0.9102563858032227,0.8381492495536804,0.6621417999267578,0.2664760947227478,0.2943335175514221,0.5608096122741699
0.9285714030265808,0.707133948802948,0.5074626803398132,1.0,1.0,1.0,0.2246069610118866,0.14367008209228516,0.36827704310417175,0.36827704310417175,80,809,,,,,,,,,
,,,,,,,,,,80,809,0.9212453961372375,0.6015530228614807,0.31289222836494446,0.9102563858032227,0.8367419242858887,0.6621417999267578,0.2662757933139801,0.29613733291625977,0.5624130964279175
0.9610389471054077,0.095238097012043,0.10000000149011612,1.0,0.0,1.401298464324817e-45,0.17401446402072906,0.12135060876607895,0.2953650653362274,0.2953650653362274,81,819,,,,,,,,,
,,,,,,,,,,81,819,0.9218559265136719,0.6040731072425842,0.31403061747550964,0.9102563858032227,0.8395566940307617,0.6621417999267578,0.26375722885131836,0.29356449842453003,0.5573216676712036
0.9285714030265808,0.48363468050956726,0.4406779706478119,1.0,1.0,1.0,0.22669537365436554,0.132988840341568,0.3596842288970947,0.3596842288970947,82,829,,,,,,,,,
,,,,,,,,,,82,829,0.9181929230690002,0.602493405342102,0.2849002778530121,0.9102563858032227,0.8367419242858887,0.6621417999267578,0.26846858859062195,0.29281261563301086,0.5612812042236328
0.9307359457015991,0.554767906665802,0.5897436141967773,1.0,1.0,1.0,0.22753393650054932,0.1465073674917221,0.3740413188934326,0.3740413188934326,83,839,,,,,,,,,
,,,,,,,,,,83,839,0.9242979288101196,0.6033905744552612,0.31964609026908875,0.9102563858032227,0.8409640789031982,0.6621417999267578,0.26391273736953735,0.29211410880088806,0.5560268759727478
0.887445867061615,0.49802282452583313,0.39534884691238403,1.0,1.0,1.0,0.27881428599357605,0.1492980718612671,0.42811235785484314,0.42811235785484314,84,849,,,,,,,,,
,,,,,,,,,,84,849,0.9230769276618958,0.6028599739074707,0.31595441699028015,0.9102563858032227,0.8339270353317261,0.6621417999267578,0.265434592962265,0.29282212257385254,0.5582566857337952
0.9004328846931458,0.5705078840255737,0.42500001192092896,1.0,1.0,1.0,0.2679554224014282,0.14076299965381622,0.40871840715408325,0.40871840715408325,85,859,,,,,,,,,
,,,,,,,,,,85,859,0.9267399311065674,0.6029732823371887,0.3273504376411438,0.9102563858032227,0.8339270353317261,0.6621417999267578,0.2614440619945526,0.294267863035202,0.5557118654251099
0.9350649118423462,0.7536979913711548,0.7368420958518982,1.0,1.0,1.0,0.23551888763904572,0.11927882581949234,0.35479772090911865,0.35479772090911865,86,869,,,,,,,,,
,,,,,,,,,,86,869,0.9261294603347778,0.6076141595840454,0.31952664256095886,0.9102563858032227,0.8282975554466248,0.6621417999267578,0.262975811958313,0.29184797406196594,0.5548237562179565
0.9285714030265808,0.15238097310066223,0.1538461595773697,1.0,1.0,1.0,0.2155154049396515,0.1258293092250824,0.3413447141647339,0.3413447141647339,87,879,,,,,,,,,
,,,,,,,,,,87,879,0.9297924637794495,0.6132859587669373,0.3368954360485077,0.9102563858032227,0.8311123251914978,0.6621417999267578,0.257321834564209,0.29463303089141846,0.5519548654556274
0.8939393758773804,0.7405171394348145,0.6079999804496765,1.0,1.0,1.0,0.28606101870536804,0.13397091627120972,0.42003193497657776,0.42003193497657776,88,889,,,,,,,,,
,,,,,,,,,,88,889,0.9267399311065674,0.6112543940544128,0.3221505880355835,0.9102563858032227,0.8409640789031982,0.6621417999267578,0.26050040125846863,0.29269731044769287,0.5531977415084839
0.9307359457015991,0.577022910118103,0.46666666865348816,1.0,1.0,1.0,0.23191297054290771,0.11123675107955933,0.34314972162246704,0.34314972162246704,89,899,,,,,,,,,
,,,,,,,,,,89,899,0.9218559265136719,0.6096906661987305,0.2910698354244232,0.8974359035491943,0.8367419242858887,0.6023127436637878,0.2644210755825043,0.29451361298561096,0.5589346289634705
0.9025974273681641,0.5035375356674194,0.5360824465751648,1.0,1.0,1.0,0.2521633803844452,0.12772226333618164,0.37988564372062683,0.37988564372062683,90,909,,,,,,,,,
,,,,,,,,,,90,909,0.9285714626312256,0.6155534386634827,0.35432860255241394,0.9102563858032227,0.8395566940307617,0.6621417999267578,0.25908777117729187,0.29054346680641174,0.5496312379837036
0.9220778942108154,0.37968137860298157,0.37931033968925476,1.0,1.0,1.0,0.2267426699399948,0.12337760627269745,0.35012027621269226,0.35012027621269226,91,919,,,,,,,,,
,,,,,,,,,,91,919,0.9304028749465942,0.6126973032951355,0.3338010609149933,0.8974359035491943,0.84237140417099,0.6023127436637878,0.25884056091308594,0.29494428634643555,0.5537848472595215
0.9329004287719727,0.756462574005127,0.6593406796455383,1.0,1.0,1.0,0.21014544367790222,0.1250254213809967,0.3351708650588989,0.3351708650588989,92,929,,,,,,,,,
,,,,,,,,,,92,929,0.9279609322547913,0.6133464574813843,0.31158313155174255,0.9102563858032227,0.8465936183929443,0.6621417999267578,0.25646108388900757,0.2923421263694763,0.5488032102584839
0.9177489280700684,0.6022049188613892,0.5681818127632141,1.0,1.0,1.0,0.22596324980258942,0.11299905180931091,0.3389623165130615,0.3389623165130615,93,939,,,,,,,,,
,,,,,,,,,,93,939,0.9236873984336853,0.6105375289916992,0.29759958386421204,0.9102563858032227,0.84237140417099,0.6621417999267578,0.26198431849479675,0.2932488024234772,0.5552331209182739
0.9329004287719727,0.7207393646240234,0.6804123520851135,1.0,1.0,1.0,0.23134657740592957,0.12560196220874786,0.3569485545158386,0.3569485545158386,94,949,,,,,,,,,
,,,,,,,,,,94,949,0.924908459186554,0.6113190054893494,0.3092380464076996,0.9102563858032227,0.8480011224746704,0.6621417999267578,0.2586575448513031,0.2928116023540497,0.5514691472053528
0.9588744640350342,0.5829454660415649,0.6984127163887024,1.0,1.0,1.0,0.18452519178390503,0.11860351264476776,0.303128719329834,0.303128719329834,95,959,,,,,,,,,
,,,,,,,,,,95,959,0.9285714626312256,0.617037832736969,0.3489946722984314,0.9102563858032227,0.8480010628700256,0.6621417999267578,0.2563449442386627,0.2894403040409088,0.5457852482795715
0.948051929473877,0.4890589714050293,0.4545454680919647,1.0,1.0,1.0,0.1876991093158722,0.10027366876602173,0.2879727780818939,0.2879727780818939,96,969,,,,,,,,,
,,,,,,,,,,96,969,0.9236874580383301,0.6093422174453735,0.27249079942703247,0.8974359035491943,0.8465936183929443,0.6023127436637878,0.2645557224750519,0.2972438633441925,0.5617995858192444
0.9696969985961914,0.23356008529663086,0.3636363744735718,1.0,1.0,1.0,0.17092189192771912,0.11193861067295074,0.28286051750183105,0.28286051750183105,97,979,,,,,,,,,
,,,,,,,,,,97,979,0.9291819334030151,0.6195647716522217,0.35948726534843445,0.8974359035491943,0.8437789678573608,0.6353276371955872,0.2539462447166443,0.29205453395843506,0.5460007786750793
0.9069263935089111,0.7165224552154541,0.4691357910633087,1.0,1.0,1.0,0.22592605650424957,0.13201192021369934,0.3579379916191101,0.3579379916191101,98,989,,,,,,,,,
,,,,,,,,,,98,989,0.9297924637794495,0.617172360420227,0.3532719612121582,0.9102563858032227,0.8409640789031982,0.6621417999267578,0.25568315386772156,0.2964986264705658,0.5521817803382874
0.9437229633331299,0.6219239234924316,0.47999998927116394,1.0,1.0,1.0,0.2028529793024063,0.1175006553530693,0.320353627204895,0.320353627204895,99,999,,,,,,,,,
,,,,,,,,,,99,999,0.9297924637794495,0.6223459243774414,0.35857558250427246,0.9102563858032227,0.8437788486480713,0.6621417999267578,0.25248149037361145,0.2927466928958893,0.5452281832695007
